{
    "rmse": 0.6900026724237722,
    "mae": 0.5458404407078973,
    "r2": 0.30097187361953104
}